{"cameraMode":{"drawMode":0,"name":"Shaded","section":"Shading Mode"},"sceneLighting":true,"audioPlay":false,"sceneViewState":{"showFog":true,"showMaterialUpdate":false,"showSkybox":true,"showFlares":true,"showImageEffects":true,"showParticleSystems":true},"in2DMode":false,"pivot":{"x":2.384185791015625e-7,"y":1.5012694597244263,"z":-0.05127454549074173},"rotation":{"x":-0.10199393332004547,"y":-0.8120826482772827,"z":0.1493002027273178,"w":-0.5548549890518189},"size":1.4121768474578858,"orthographic":false}