{"cameraMode":{"drawMode":0,"name":"Shaded","section":"Shading Mode"},"sceneLighting":true,"audioPlay":false,"sceneViewState":{"showFog":true,"showMaterialUpdate":false,"showSkybox":false,"showFlares":true,"showImageEffects":true,"showParticleSystems":true},"in2DMode":false,"pivot":{"x":-22.866683959960939,"y":3.891169309616089,"z":33.245933532714847},"rotation":{"x":-0.1271083652973175,"y":0.8100549578666687,"z":-0.19078852236270905,"w":-0.5396815538406372},"size":12.214783668518067,"orthographic":false}